Model,Train_accuracy,Test_accuracy,F1_score
SVC,0.9985615650172612,0.9590604026845637,0.9742507387083158
Ada Boost,0.8788837744533947,0.8449664429530201,0.9057527539779681
Gradient Boost,0.8308400460299195,0.8221476510067114,0.8944643568299482
Random Forest,0.8190448791714614,0.8181208053691276,0.8944292948967666
Votting classifier,0.8400460299194477,0.7946308724832215,0.8834729626808836
Logistic regression,0.7974683544303798,0.7899328859060403,0.8768201495474222
Decision tree,0.793728423475259,0.785234899328859,0.8765432098765431
